<?xml version="1.0" encoding="UTF-8"?>
<metadata xml:lang="en"><Esri><CreaDate>20150422</CreaDate><CreaTime>13442900</CreaTime><ArcGISFormat>1.0</ArcGISFormat><ArcGISstyle>FGDC CSDGM Metadata</ArcGISstyle><SyncOnce>TRUE</SyncOnce><DataProperties><lineage><Process ToolSource="c:\program files (x86)\arcgis\desktop10.1\ArcToolbox\Toolboxes\Data Management Tools.tbx\CalculateField" Date="20150415" Time="131657">CalculateField Bike_Network_node NODE_ID [NO] VB #</Process></lineage><itemProps><itemLocation><linkage Sync="TRUE">file://\\dvrpc_filesrv\user_projects\FY2015\Transportation\CyclePhilly\shapefile\_data_sharing\CyclePhilly_Network_node</linkage><protocol Sync="TRUE">Local Area Network</protocol></itemLocation></itemProps><copyHistory><copy source="U:\FY2015\Transportation\CyclePhilly\shapefile\Base_Network_v2\CyclePhilly_Network_node" dest="\\dvrpc_filesrv\user_projects\FY2015\Transportation\CyclePhilly\shapefile\_data_sharing\CyclePhilly_Network_node" date="20150422" time="13442900"></copy></copyHistory></DataProperties></Esri></metadata>
