<?xml version="1.0" encoding="UTF-8"?>
<metadata xml:lang="en"><Esri><CreaDate>20160815</CreaDate><CreaTime>22125000</CreaTime><ArcGISFormat>1.0</ArcGISFormat><SyncOnce>TRUE</SyncOnce><DataProperties><itemProps><itemLocation><linkage Sync="TRUE">file://\\CPOLLARD\D$\_data\_CyclePhilly\_Round2\_datadownloads\trip_detail_rd2_shp\trip_detail_rd2</linkage><protocol Sync="TRUE">Local Area Network</protocol></itemLocation></itemProps><copyHistory><copy source="D:\_data\_CyclePhilly\_Round2\trip_detail_rd2" dest="\\CPOLLARD\D$\_data\_CyclePhilly\_Round2\_datadownloads\trip_detail_rd2_shp\trip_detail_rd2" date="20160815" time="22125000"></copy></copyHistory></DataProperties></Esri></metadata>
